sku,reason
1.10.ACC.2.1,"Obrázek 'N88170.jpg' nenalezen na disku."
1.10.ACC.2.1,"Obrázek 'N88170_2.jpg' nenalezen na disku."
1.10.ACC.2.1,"Obrázek 'N88170_3.jpg' nenalezen na disku."
1.10.ACC.2.2,"Obrázek 'N0351-7.8L.jpg' nenalezen na disku."
1.10.ACC.2.2,"Obrázek 'N0351-7.8L_2.jpg' nenalezen na disku."
1.10.ACC.2.2,"Obrázek 'N0351-7.8L_3.jpg' nenalezen na disku."
1.10.ACC.999.1,"Obrázek 'N88170.jpg' nenalezen na disku."
1.10.ACC.999.1,"Obrázek 'N88170_2.jpg' nenalezen na disku."
1.10.ACC.999.1,"Obrázek 'N88170_3.jpg' nenalezen na disku."
1.10.ACC.999.2,"Obrázek 'N88170.jpg' nenalezen na disku."
1.10.ACC.999.2,"Obrázek 'N88170_2.jpg' nenalezen na disku."
1.10.ACC.999.2,"Obrázek 'N88170_3.jpg' nenalezen na disku."
1.10.ACC.999.3,"Obrázek 'N0351-7.8L.jpg' nenalezen na disku."
1.10.ACC.999.3,"Obrázek 'N0351-7.8L_2.jpg' nenalezen na disku."
1.10.ACC.999.3,"Obrázek 'N0351-7.8L_3.jpg' nenalezen na disku."
1.10.ACC.999.4,"Obrázek 'N0351-7.8L.jpg' nenalezen na disku."
1.10.ACC.999.4,"Obrázek 'N0351-7.8L_2.jpg' nenalezen na disku."
1.10.ACC.999.4,"Obrázek 'N0351-7.8L_3.jpg' nenalezen na disku."
1.10.ACC.999.5,"Obrázek 'N0351-7.8L.jpg' nenalezen na disku."
1.10.ACC.999.5,"Obrázek 'N0351-7.8L_2.jpg' nenalezen na disku."
1.10.ACC.999.5,"Obrázek 'N0351-7.8L_3.jpg' nenalezen na disku."
1.10.ACC.999.6,"Obrázek 'N88170.jpg' nenalezen na disku."
1.10.ACC.999.6,"Obrázek 'N88170_2.jpg' nenalezen na disku."
1.10.ACC.999.6,"Obrázek 'N88170_3.jpg' nenalezen na disku."
1.10.ACC.999.7,"Obrázek 'N88170.jpg' nenalezen na disku."
1.10.ACC.999.7,"Obrázek 'N88170_2.jpg' nenalezen na disku."
1.10.ACC.999.7,"Obrázek 'N88170_3.jpg' nenalezen na disku."
1.10.ACE.1.1,"Obrázek 'NDR36-4.0.jpg' nenalezen na disku."
1.10.ACE.1.1,"Obrázek 'NDR36-4.0_2.jpg' nenalezen na disku."
1.10.ACE.1.1,"Obrázek 'NDR36-4.0_3.jpg' nenalezen na disku."
1.10.ACE.1.2,"Obrázek 'NDR36S-4.0.jpg' nenalezen na disku."
1.10.ACE.1.2,"Obrázek 'NDR36S-4.0_2.jpg' nenalezen na disku."
1.10.ACE.1.2,"Obrázek 'NDR36S-4.0_3.jpg' nenalezen na disku."
1.10.ACE.1.3,"Obrázek 'N0531.jpg' nenalezen na disku."
1.10.ACE.1.3,"Obrázek 'N0531_2.jpg' nenalezen na disku."
1.10.ACE.1.3,"Obrázek 'N0531_3.jpg' nenalezen na disku."
1.10.ACE.1.4,"Obrázek 'N0531-E.jpg' nenalezen na disku."
1.10.ACE.1.4,"Obrázek 'N0531-E_2.jpg' nenalezen na disku."
1.10.ACE.1.4,"Obrázek 'N0531-E_3.jpg' nenalezen na disku."
1.10.ACE.1.5,"Obrázek 'N0531-S.jpg' nenalezen na disku."
1.10.ACE.1.5,"Obrázek 'N0531-S_2.jpg' nenalezen na disku."
1.10.ACE.1.5,"Obrázek 'N0531-S_3.jpg' nenalezen na disku."
1.10.ACE.2.1,"Obrázek 'N0390-4.0.jpg' nenalezen na disku."
1.10.ACE.2.1,"Obrázek 'N0390-4.0_2.jpg' nenalezen na disku."
1.10.ACE.2.10,"Obrázek 'N0355-3.5.jpg' nenalezen na disku."
1.10.ACE.2.11,"Obrázek 'N0365-3.5.jpg' nenalezen na disku."
1.10.ACE.2.12,"Obrázek 'N0365-3.5.jpg' nenalezen na disku."
1.10.ACE.2.13,"Obrázek 'N0365-3.5.jpg' nenalezen na disku."
1.10.ACE.2.14,"Obrázek 'N0365-3.5.jpg' nenalezen na disku."
1.10.ACE.2.15,"Obrázek 'N0365-3.5.jpg' nenalezen na disku."
1.10.ACE.2.16,"Obrázek 'N0365-3.5.jpg' nenalezen na disku."
1.10.ACE.2.17,"Obrázek 'N0390-4.0.jpg' nenalezen na disku."
1.10.ACE.2.18,"Obrázek 'N0735-8.0.jpg' nenalezen na disku."
1.10.ACE.2.19,"Obrázek 'N0735-8.0.jpg' nenalezen na disku."
1.10.ACE.2.2,"Obrázek 'N0390-4.0.jpg' nenalezen na disku."
1.10.ACE.2.2,"Obrázek 'N0390-4.0_2.jpg' nenalezen na disku."
1.10.ACE.2.20,"Obrázek 'N0735-8.0.jpg' nenalezen na disku."
1.10.ACE.2.21,"Obrázek 'N0735-8.0.jpg' nenalezen na disku."
1.10.ACE.2.22,"Obrázek 'N0735-8.0.jpg' nenalezen na disku."
